epoch,Train_loss,Test_loss,Train_f1_score,Train_auroc,Test_f1_score,Test_auroc
1,0.026604069396853447,0.02681119740009308,0.8997559492783496,0.9596148063042196,0.9182130638016727,0.9658974101609884
2,0.02237090654671192,0.02363847941160202,0.9280276588525244,0.974528193426032,0.9219930345572667,0.9688580500222352
3,0.019693994894623756,0.013129884377121925,0.934754712570408,0.9775589959980366,0.9241406652763409,0.9696066804789917
